codigo,posicion,club,nacimiento,altura,peso,confianza
ALG2,POR,MC Alger (ALG),26-01-1996,1.91,,high
ALG3,DEF,Borussia Dortmund (GER),16-04-1995,1.87,,high
ALG4,DEF,Al-Sadd SC (QAT),17-05-1996,1.76,,high
ALG5,DEF,Manchester City FC (ENG),06-06-2001,1.80,,high
ALG6,DEF,Esperance de Tunis (TUN),22-01-2000,1.91,,high
ALG7,DEF,LOSC Lille (FRA),22-10-1991,1.86,,high
ALG8,MED,Dinamo Zagreb (CRO),01-12-1997,1.75,,high
ALG9,MED,Al-Ittihad (KSA),30-06-1998,1.75,,high
ALG10,MED,OGC Nice (FRA),23-09-1999,1.75,,high
ALG11,MED,FC Twente (NED),26-05-1998,1.83,,high
ALG12,MED,LOSC Lille (FRA),24-11-1994,1.87,,high
ALG14,MED,Eintracht Frankfurt (GER),28-11-2002,1.83,,high
ALG15,DEL,Al-Ahli SFC (KSA),21-02-1991,1.79,,high
ALG16,DEL,Neom SC (KSA),10-08-1995,1.72,,high
ALG17,DEL,Feyenoord (NED),11-02-2002,1.76,,high
ALG18,DEL,Olympique de Marseille (FRA),16-02-2000,1.80,,high
ALG19,DEL,Al-Sadd SC (QAT),24-11-1991,1.84,,high
ALG20,DEL,VfL Wolfsburg (GER),09-05-2000,1.72,,high
ARG2,POR,Aston Villa FC (ENG),02-09-1992,1.95,,high
ARG3,DEF,Atletico Madrid (ESP),06-04-1998,1.75,,high
ARG4,DEF,Tottenham Hotspur FC (ENG),27-04-1998,1.85,,high
ARG5,DEF,SL Benfica (POR),12-02-1988,1.83,,high
ARG6,DEF,Olympique Lyonnais (FRA),31-08-1992,1.72,,high
ARG7,DEF,Olympique de Marseille (FRA),26-01-1999,1.90,,high
ARG8,MED,Chelsea FC (ENG),17-01-2001,1.78,,high
ARG9,MED,Liverpool FC (ENG),24-12-1998,1.74,,high
ARG10,MED,Inter Miami CF (USA),24-05-1994,1.80,,high
ARG11,MED,Bayer 04 Leverkusen (GER),05-10-1998,1.77,,high
ARG12,MED,Boca Juniors (ARG),29-06-1994,1.80,,high
ARG14,MED,Como 1907 (ITA),08-09-2004,1.85,,high
ARG15,MED,Real Madrid CF (ESP),14-08-2007,1.80,,high
ARG16,MED,Atletico Madrid (ESP),06-04-1998,1.80,,high
ARG17,DEL,Inter Miami CF (USA),24-06-1987,1.70,,high
ARG18,DEL,Inter Milan (ITA),22-08-1997,1.74,,high
ARG19,DEL,Atletico Madrid (ESP),31-01-2000,1.70,,high
ARG20,DEL,Atletico Madrid (ESP),18-12-2002,1.79,,high
AUS2,POR,Levante UD (ESP),08-04-1992,1.84,,high
AUS3,POR,Aston Villa FC (ENG),04-07-2000,1.94,,med
AUS4,DEF,Leicester City FC (ENG),22-10-1998,1.98,,high
AUS5,DEF,Parma Calcio 1913 (ITA),10-10-2003,1.91,,high
AUS6,DEF,Feyenoord (NED),29-10-2002,1.85,,high
AUS7,DEF,Melbourne City FC (AUS),16-12-1990,1.69,,high
AUS8,DEF,Swansea City AFC (WAL),21-10-1995,1.93,,high
AUS9,DEF,Hibernian FC (SCO),19-02-2001,1.78,,med
AUS10,DEF,APOEL FC (CYP),28-04-1994,1.84,,high
AUS11,MED,FC St. Pauli (GER),07-03-1993,1.88,,high
AUS12,MED,Middlesbrough FC (ENG),02-11-1998,1.78,,high
AUS14,MED,New York City FC (USA),04-07-1998,1.78,,high
AUS15,MED,FC St. Pauli (GER),05-11-1999,1.78,,high
AUS16,MED,Nashville SC (USA),02-04-2002,1.83,,med
AUS17,DEL,Al-Wehda FC (KSA),16-12-1991,1.83,,med
AUS18,DEL,Aberdeen FC (SCO),01-07-1999,1.88,,med
AUS19,DEL,Watford FC (ENG),09-02-2006,1.75,,med
AUS20,DEL,Norwich City FC (ENG),26-03-2004,1.86,,med
AUT2,POR,RB Salzburg (AUT),01-02-1996,1.90,,high
AUT3,POR,Brondby IF (DEN),02-01-1997,1.91,,med
AUT4,DEF,Real Madrid CF (ESP),24-06-1992,1.80,,high
AUT5,DEF,Tottenham Hotspur FC (ENG),19-09-1998,1.90,,high
AUT6,DEF,SC Freiburg (GER),11-07-1996,1.87,,high
AUT7,DEF,Bologna FC (ITA),14-05-1997,1.89,,med
AUT8,DEF,FSV Mainz 05 (GER),29-01-1994,1.80,,high
AUT9,MED,TSG Hoffenheim (GER),26-05-2001,1.80,,high
AUT10,MED,RB Leipzig (GER),28-09-1997,1.74,,high
AUT11,MED,Borussia Dortmund (GER),17-03-1994,1.77,,high
AUT12,MED,Bayern Munchen (GER),27-05-1997,1.80,,high
AUT14,MED,TSG Hoffenheim (GER),07-08-1995,1.85,,med
AUT15,MED,RB Leipzig (GER),04-05-2001,1.79,,high
AUT16,MED,SV Werder Bremen (GER),27-01-2000,1.68,,high
AUT17,MED,VfL Wolfsburg (GER),30-05-2001,1.82,,high
AUT18,MED,RB Leipzig (GER),01-08-1999,1.80,,high
AUT19,DEL,SC Freiburg (GER),18-04-1994,1.93,,high
AUT20,DEL,Red Star Belgrade (SRB),19-04-1989,1.92,,high
BEL2,POR,Real Madrid CF (ESP),11-05-1992,1.99,,high
BEL3,DEF,Eintracht Frankfurt (GER),25-05-2000,1.86,,high
BEL4,DEF,Fulham FC (ENG),05-12-1995,1.85,,high
BEL5,DEF,Sporting CP (POR),24-10-2003,1.91,,high
BEL6,DEF,Club Brugge KV (BEL),28-01-1993,1.87,,med
BEL7,DEF,Brighton Hove Albion FC (ENG),22-12-2000,1.83,,high
BEL8,DEF,LOSC Lille (FRA),12-09-1991,1.91,,high
BEL9,MED,Aston Villa FC (ENG),07-05-1997,1.76,,high
BEL10,MED,Aston Villa FC (ENG),16-08-2001,1.95,,high
BEL11,MED,Rangers FC (SCO),23-02-2001,1.79,,high
BEL12,MED,AC Milan (ITA),27-06-1999,1.80,,high
BEL14,MED,Club Brugge KV (BEL),24-08-1992,1.88,,med
BEL15,MED,SSC Napoli (ITA),28-06-1991,1.81,,high
BEL16,DEL,Manchester City FC (ENG),27-05-2002,1.71,,high
BEL17,DEL,Atalanta BC (ITA),10-03-2001,1.92,,high
BEL18,DEL,Arsenal FC (ENG),04-12-1994,1.72,,high
BEL19,DEL,Juventus FC (ITA),16-02-2000,1.77,,high
BEL20,DEL,SSC Napoli (ITA),13-05-1993,1.91,,high
BIH2,POR,FC St. Pauli (GER),02-12-1995,1.93,,high
BIH3,DEF,SL Benfica (POR),18-08-2002,1.80,,high
BIH4,DEF,Atalanta BC (ITA),20-06-1993,1.83,,high
BIH5,DEF,US Sassuolo (ITA),28-02-2003,1.93,,high
BIH6,DEF,Gaziantep FK (TUR),15-04-1998,1.89,,med
BIH7,DEF,FC Schalke 04 (GER),10-10-1996,1.94,,high
BIH8,MED,Hull City AFC (ENG),08-03-1997,1.81,,high
BIH9,MED,Brondby IF (DEN),03-03-2003,1.91,,high
BIH10,MED,BSC Young Boys (SUI),06-04-2002,1.87,,med
BIH11,MED,Pafos FC (CYP),09-10-1996,1.85,,high
BIH12,MED,FC Astana (KAZ),30-04-2002,1.78,,med
BIH14,MED,Karlsruher SC (GER),22-05-1998,1.81,,med
BIH15,MED,New England Revolution (USA),10-03-2005,1.75,,high
BIH16,DEL,Viktoria Plzen (CZE),20-01-2001,1.76,,med
BIH17,DEL,VfB Stuttgart (GER),25-03-1998,1.84,,high
BIH18,DEL,FC Schalke 04 (GER),17-03-1986,1.93,,high
BIH19,DEL,Real Zaragoza (ESP),31-01-2004,1.89,,med
BIH20,DEL,Borussia Monchengladbach (GER),29-08-1994,1.96,,high
BRA2,POR,Liverpool FC (ENG),02-10-1992,1.93,91,high
BRA3,POR,Al-Nassr FC (KSA),10-06-1999,1.90,92,high
BRA4,DEF,Paris Saint-Germain (FRA),14-05-1994,1.83,75,high
BRA5,DEF,Real Madrid (ESP),18-01-1998,1.86,78,high
BRA6,DEF,Arsenal FC (ENG),19-12-1997,1.90,78,high
BRA7,DEF,CR Flamengo (BRA),15-07-1991,1.84,,high
BRA8,DEF,AS Roma (ITA),06-09-2003,1.78,73,high
BRA9,MED,CR Flamengo (BRA),27-08-1997,1.80,72,med
BRA10,MED,Manchester United (ENG),23-02-1992,1.85,84,high
BRA11,MED,Newcastle United (ENG),16-11-1997,1.82,74,high
BRA12,DEL,Zenit Saint Petersburg (RUS),02-01-2001,1.82,,high
BRA14,DEL,Real Madrid (ESP),12-07-2000,1.76,73,high
BRA15,DEL,Real Madrid (ESP),09-01-2001,1.74,64,high
BRA16,DEL,Chelsea FC (ENG),26-09-2001,1.86,70,high
BRA17,DEL,Manchester United (ENG),27-05-1999,1.83,76,high
BRA18,DEL,Arsenal FC (ENG),18-06-2001,1.78,75,high
BRA19,DEL,FC Barcelona (ESP),14-12-1996,1.76,,high
BRA20,DEL,Chelsea FC (ENG),24-04-2007,1.76,62,high
CAN2,POR,Inter Miami CF (USA),09-05-1997,1.91,86,high
CAN3,DEF,Bayern Munich (GER),02-11-2000,1.83,,high
CAN4,DEF,Celtic FC (SCO),08-10-1998,1.80,74,high
CAN5,DEF,Vancouver Whitecaps (CAN),16-01-1995,1.76,75,high
CAN6,DEF,Toronto FC (CAN),07-01-1995,1.75,,high
CAN7,DEF,Olympique Marseille (FRA),25-11-1997,1.87,,med
CAN8,DEF,OGC Nice (FRA),30-03-2000,1.90,83,high
CAN9,DEF,Portland Timbers (USA),16-05-1997,1.83,76,high
CAN10,MED,Los Angeles FC (USA),21-12-1996,1.77,,high
CAN11,MED,US Sassuolo (ITA),16-06-2002,1.88,,high
CAN12,MED,Toronto FC (CAN),12-06-1992,1.75,,high
CAN14,DEL,Los Angeles FC (USA),26-11-1999,1.81,,high
CAN15,MED,Los Angeles FC (USA),07-02-1999,1.75,68,high
CAN16,DEF,HNK Hajduk Split (CRO),09-09-2003,1.80,,high
CAN17,DEL,Villarreal CF (ESP),08-02-1999,1.83,68,high
CAN18,DEL,Hull City (ENG),27-09-1999,1.81,73,high
CAN19,DEL,Southampton FC (ENG),17-04-1995,1.88,,high
CAN20,DEL,Juventus FC (ITA),14-01-2000,1.78,81,high
CPV2,POR,GD Chaves (POR),03-06-1986,1.89,,high
CPV3,DEF,Villarreal CF (ESP),01-04-2001,1.90,87,high
CPV4,DEF,Shamrock Rovers (IRL),17-06-1992,1.86,79,med
CPV5,DEF,Al Bataeh CSC (UAE),17-01-1995,1.85,78,med
CPV6,DEF,Columbus Crew (USA),13-08-1994,1.80,,high
CPV7,DEF,Trabzonspor (TUR),03-11-2002,1.80,73,high
CPV8,MED,FCSB (ROU),26-05-1998,1.80,,med
CPV9,MED,SC Farense (POR),29-12-1995,1.71,,med
CPV10,MED,FC Krasnodar (RUS),27-01-1997,1.81,80,med
CPV11,MED,Araz-Nakhchivan (AZE),09-02-1993,1.73,,high
CPV12,MED,PEC Zwolle (NED),23-11-1993,1.75,62,high
CPV14,MED,Ludogorets Razgrad (BUL),04-07-1999,1.77,69,high
CPV15,DEL,Apollon Limassol (CYP),27-11-1990,1.73,,high
CPV16,DEL,Estrela Amadora (POR),14-06-1998,1.74,72,high
CPV17,DEL,Igdir FK (TUR),08-01-1990,1.78,71,high
CPV18,DEL,Casa Pia AC (POR),04-05-2001,1.85,,high
CPV19,DEL,Omonia Nicosia (CYP),27-04-1994,1.85,70,high
CPV20,DEL,UD Ibiza (ESP),12-07-1990,1.90,82,high
COL2,POR,Atlas FC (MEX),09-03-1989,1.83,,high
COL3,POR,Atletico Nacional (COL),31-08-1988,1.83,78,high
COL4,DEF,Galatasaray (TUR),12-06-1996,1.87,79,high
COL5,DEF,Cagliari Calcio (ITA),23-09-1994,1.95,,med
COL6,DEF,Crystal Palace FC (ENG),26-05-1996,1.81,73,high
COL7,DEF,RCD Mallorca (ESP),21-08-1992,1.85,66,high
COL8,DEF,Bologna FC (ITA),26-06-1998,1.87,84,high
COL9,DEF,sin club,13-01-1992,1.78,,low
COL10,MED,Crystal Palace FC (ENG),25-10-1994,1.79,,high
COL11,MED,River Plate (ARG),29-09-2000,1.77,68,high
COL12,MED,SL Benfica (POR),02-06-2000,1.87,74,high
COL14,MED,Club Leon (MEX),12-07-1991,1.80,75,high
COL15,MED,River Plate (ARG),18-01-1993,1.68,63,high
COL16,MED,CR Flamengo (BRA),25-05-1998,1.80,,high
COL17,DEL,SE Palmeiras (BRA),21-09-1997,1.68,,high
COL18,DEL,FC Krasnodar (RUS),11-05-1993,1.88,85,high
COL19,DEL,Sporting CP (POR),02-12-1997,1.85,83,high
COL20,DEL,Bayern Munich (GER),13-01-1997,1.80,73,high
COD2,POR,Le Havre AC (FRA),01-08-1994,1.82,78,high
COD3,DEF,West Ham United (ENG),26-11-1997,1.83,72,high
COD4,DEF,Burnley FC (ENG),14-11-1997,1.85,75,high
COD5,DEF,RC Lens (FRA),07-11-1993,1.79,78,high
COD6,DEF,LOSC Lille (FRA),08-08-1994,1.82,,high
COD7,DEF,KRC Genk (BEL),08-08-1994,1.81,,high
COD8,MED,RCD Espanyol (ESP),15-05-1997,1.87,,high
COD9,MED,LOSC Lille (FRA),03-11-2004,1.88,70,high
COD10,MED,Watford FC (ENG),03-06-1998,1.83,77,high
COD11,MED,Atromitos (GRE),12-08-1996,1.76,61,high
COD12,MED,Sunderland AFC (ENG),17-12-2004,1.73,,high
COD14,DEL,Spartak Moscow (RUS),20-11-1995,1.75,,high
COD15,DEL,Alanyaspor (TUR),06-08-1997,1.73,67,med
COD16,DEL,Newcastle United (ENG),03-09-1996,1.80,72,high
COD17,DEL,CD Castellon (ESP),11-03-1998,1.72,69,high
COD18,DEL,Pyramids FC (EGY),24-06-1994,1.85,77,high
COD19,DEL,Real Betis (ESP),11-04-1991,1.83,,high
COD20,DEL,Montpellier HSC (FRA),16-03-2002,1.70,65,high
CRO2,POR,GNK Dinamo Zagreb (CRO),09-01-1995,1.88,,high
CRO3,DEF,Real Sociedad (ESP),17-09-1996,1.93,78,high
CRO4,DEF,Manchester City (ENG),23-01-2002,1.85,80,high
CRO5,DEF,Bayern Munich (GER),02-04-2000,1.86,77,high
CRO6,DEF,Hamburger SV (GER),24-02-2007,1.93,86,high
CRO7,DEF,Ajax (NED),28-02-2000,1.90,,high
CRO8,MED,FC Augsburg (GER),14-05-1997,1.84,78,high
CRO9,MED,AC Milan (ITA),09-09-1985,1.72,66,high
CRO10,MED,Manchester City (ENG),06-05-1994,1.77,77,high
CRO11,MED,Como 1907 (ITA),16-02-2003,1.72,,high
CRO12,MED,VfL Wolfsburg (GER),17-01-1998,1.78,74,high
CRO14,MED,Atalanta BC (ITA),09-02-1995,1.88,78,high
CRO15,MED,Inter Milan (ITA),25-10-2003,1.85,,high
CRO16,DEL,PSV Eindhoven (NED),02-02-1989,1.86,77,high
CRO17,DEL,Orlando City SC (USA),14-09-2000,1.77,74,high
CRO18,DEL,CA Osasuna (ESP),22-07-1991,1.90,75,high
CRO19,DEL,TSG Hoffenheim (GER),19-06-1991,1.77,74,high
CRO20,DEL,SL Benfica (POR),01-10-2003,1.85,88,high
CUW2,POR,Miami FC (USA),06-02-1989,1.91,,med
CUW3,DEF,PSV Eindhoven (NED),05-03-1999,1.85,,high
CUW4,DEF,PEC Zwolle (NED),23-08-1998,1.81,,high
CUW5,DEF,Abha Club (KSA),23-12-1993,1.81,,med
CUW6,DEF,Kayserispor (TUR),20-03-1994,1.81,,high
CUW7,DEF,RKC Waalwijk (NED),09-06-1998,1.86,,med
CUW8,DEF,Sparta Rotterdam (NED),19-08-2001,1.74,,high
CUW9,MED,FC Zurich (SUI),03-02-2004,1.91,,high
CUW10,MED,RKC Waalwijk (NED),19-08-1999,1.78,,med
CUW11,MED,FC Volendam (NED),07-08-1997,1.78,,med
CUW12,MED,Igdir FK (TUR),21-08-1991,1.87,,med
CUW14,DEL,Sheffield United (ENG),04-12-1999,1.85,,high
CUW15,DEL,Maccabi Haifa (ISR),29-09-1994,1.74,,med
CUW16,DEL,SK Beveren (BEL),10-04-2000,1.81,,med
CUW17,DEL,Miami FC (USA),07-11-1993,1.93,,med
CUW18,DEL,AE Kifisia (GRE),29-03-2002,1.84,,med
CUW19,DEL,Terengganu FC (MAS),09-06-1996,1.89,,med
CUW20,DEL,Middlesbrough (ENG),18-05-2002,1.72,,high
CZE2,POR,PSV Eindhoven (NED),17-05-2000,1.96,,high
CZE3,POR,Slavia Praha (CZE),27-04-1996,1.92,,high
CZE4,DEF,Wolverhampton Wanderers (ENG),20-04-1999,1.91,,high
CZE5,DEF,TSG Hoffenheim (GER),22-08-1992,1.74,,high
CZE6,DEF,Sparta Praha (CZE),20-08-1992,1.90,,med
CZE7,DEF,Slavia Praha (CZE),31-03-1993,1.80,,high
CZE8,DEF,Slavia Praha (CZE),08-11-2000,1.90,,high
CZE9,MED,Slavia Praha (CZE),31-05-1999,1.69,,med
CZE10,MED,Slavia Praha (CZE),23-10-1996,1.89,,high
CZE11,MED,Viktoria Plzen (CZE),10-04-2001,1.79,,high
CZE12,MED,West Ham United (ENG),27-02-1995,1.92,,high
CZE14,MED,Olympique Lyon (FRA),29-12-2000,1.77,,high
CZE15,DEL,Viktoria Plzen (CZE),01-05-1992,1.80,,med
CZE16,DEL,Slavia Praha (CZE),24-05-2000,1.68,,med
CZE17,DEL,Slavia Praha (CZE),26-01-1995,1.99,,med
CZE18,DEL,Rangers (SCO),17-10-1997,1.78,,med
CZE19,DEL,TSG Hoffenheim (GER),25-07-2002,1.88,,high
CZE20,DEL,Bayer Leverkusen (GER),24-01-1996,1.91,73,high
ECU2,POR,Huracan (ARG),30-03-1987,1.89,,med
ECU3,POR,LDU Quito (ECU),28-02-1996,1.85,,med
ECU4,DEF,Arsenal (ENG),09-01-2002,1.84,,high
ECU5,DEF,AC Milan (ITA),21-01-1998,1.75,,high
ECU6,DEF,Paris Saint-Germain (FRA),16-10-2001,1.88,,high
ECU7,DEF,Atletico Mineiro (BRA),18-02-1998,1.73,,high
ECU8,DEF,Club Brugge (BEL),21-04-2004,1.88,,high
ECU9,MED,Chelsea (ENG),02-11-2001,1.78,73,high
ECU10,MED,Atletico Mineiro (BRA),21-08-1998,1.76,,high
ECU11,MED,River Plate (ARG),04-05-2007,1.78,,med
ECU12,MED,Pumas UNAM (MEX),09-03-2002,1.73,,med
ECU14,MED,Venezia (ITA),23-06-2000,1.70,,med
ECU15,DEL,New England Revolution (USA),24-07-2000,1.88,,high
ECU16,DEL,Flamengo (BRA),01-11-2000,1.78,,high
ECU17,DEL,Sunderland (ENG),19-06-2003,1.82,,med
ECU18,DEL,Atletico Mineiro (BRA),14-05-2003,1.71,,med
ECU19,DEL,Union Saint-Gilloise (BEL),04-03-2000,1.90,,med
ECU20,DEL,Pachuca (MEX),04-11-1989,1.77,,high
EGY2,POR,Al Ahly (EGY),18-12-1988,1.91,,high
EGY3,DEF,Al Ahly (EGY),02-02-1996,1.80,,high
EGY4,DEF,Pyramids FC (EGY),15-03-1995,1.75,,med
EGY5,DEF,Al Ahly (EGY),10-02-1993,1.85,,med
EGY6,DEF,Al Masry (EGY),03-05-1995,1.88,,med
EGY7,DEF,Al-Ain (UAE),20-05-1993,1.83,,med
EGY8,DEF,Zamalek (EGY),30-04-2001,1.94,,med
EGY9,DEF,Zamalek (EGY),22-03-1998,1.78,,med
EGY10,MED,Al Ahly (EGY),01-08-1998,1.72,,med
EGY11,DEL,Al Ahly (EGY),10-01-1996,1.80,,high
EGY12,MED,Al-Wakrah (QAT),29-09-1994,1.80,,med
EGY14,MED,Pyramids FC (EGY),29-05-1996,1.79,,med
EGY15,MED,Al Ahly (EGY),20-02-1998,1.82,,high
EGY16,DEL,National Bank of Egypt (EGY),01-01-2001,1.80,,med
EGY17,DEL,Liverpool (ENG),15-06-1992,1.75,71,high
EGY18,DEL,Nantes (FRA),28-11-1997,1.85,,high
EGY19,DEL,Al Ahly (EGY),01-10-1994,1.79,,high
EGY20,DEL,Manchester City (ENG),07-02-1999,1.83,,high
ENG2,POR,Everton (ENG),07-03-1994,1.85,77,high
ENG3,DEF,Manchester City (ENG),28-05-1994,1.88,70,high
ENG4,DEF,Manchester City (ENG),13-07-2000,1.82,77,med
ENG5,DEF,Aston Villa (ENG),23-10-1997,1.83,73,high
ENG6,DEF,Real Madrid (ESP),07-10-1998,1.80,72,high
ENG7,DEF,Chelsea (ENG),08-12-1999,1.82,82,high
ENG8,DEF,Newcastle United (ENG),09-05-1992,1.98,85,high
ENG9,MED,Brentford (ENG),17-06-1990,1.82,80,high
ENG10,MED,Arsenal (ENG),14-01-1999,1.85,80,high
ENG11,MED,Real Madrid (ESP),29-06-2003,1.86,75,high
ENG12,MED,Chelsea (ENG),06-05-2002,1.89,70,high
ENG14,MED,Aston Villa (ENG),26-07-2002,1.85,,high
ENG15,DEL,Newcastle United (ENG),24-02-2001,1.83,66,high
ENG16,MED,Manchester City (ENG),28-05-2000,1.71,70,high
ENG17,DEL,Arsenal (ENG),05-09-2001,1.78,72,high
ENG18,DEL,Bayern Munich (GER),28-07-1993,1.88,86,high
ENG19,DEL,Barcelona (ESP),31-10-1997,1.85,80,high
ENG20,DEL,Aston Villa (ENG),30-12-1995,1.80,70,high
FRA2,POR,AC Milan (ITA),03-07-1995,1.91,85,high
FRA3,DEF,Al-Hilal (KSA),06-10-1997,1.84,81,high
FRA4,DEF,Arsenal (ENG),24-03-2001,1.92,81,high
FRA5,DEF,FC Barcelona (ESP),12-11-1998,1.78,75,high
FRA6,DEF,Liverpool (ENG),25-05-1999,1.94,80,med
FRA7,DEF,Bayern Munich (GER),27-10-1998,1.86,86,high
FRA8,DEF,Aston Villa (ENG),20-07-1993,1.78,74,high
FRA9,MED,Real Madrid (ESP),27-01-2000,1.87,81,high
FRA10,MED,Real Madrid (ESP),10-11-2002,1.82,68,high
FRA11,MED,AS Roma (ITA),17-05-2001,1.85,78,high
FRA12,MED,AC Milan (ITA),03-04-1995,1.88,81,high
FRA14,DEL,Bayern Munich (GER),12-12-2001,1.84,73,high
FRA15,DEL,Paris Saint-Germain (FRA),15-05-1997,1.78,67,high
FRA16,DEL,Paris Saint-Germain (FRA),02-09-2002,1.82,70,high
FRA17,DEL,Paris Saint-Germain (FRA),03-06-2005,1.81,75,high
FRA18,DEL,Al-Nassr (KSA),13-06-1996,1.80,75,high
FRA19,DEL,Liverpool (ENG),20-06-2002,1.90,74,high
FRA20,DEL,Real Madrid (ESP),20-12-1998,1.78,75,high
GER2,POR,FC Barcelona (ESP),30-04-1992,1.87,85,high
GER3,DEF,Bayern Munchen (GER),11-02-1996,1.95,97,high
GER4,DEF,RB Leipzig (GER),22-04-1998,1.80,75,high
GER5,DEF,Borussia Dortmund (GER),01-12-1999,1.91,85,high
GER6,DEF,Real Madrid (ESP),03-03-1993,1.90,85,high
GER7,DEF,Borussia Dortmund (GER),20-07-1996,1.89,86,high
GER8,DEF,RB Leipzig (GER),08-04-1998,1.76,75,high
GER9,DEF,VfB Stuttgart (GER),18-03-1997,1.83,76,high
GER10,MED,Bayern Munchen (GER),08-02-1995,1.77,75,high
GER11,MED,Liverpool (ENG),03-05-2003,1.76,70,high
GER12,MED,Borussia Dortmund (GER),10-10-2000,1.90,73,high
GER14,MED,Bayern Munchen (GER),06-02-1995,1.89,82,high
GER15,MED,Bayern Munchen (GER),26-02-2003,1.83,72,high
GER16,DEL,Bayern Munchen (GER),14-07-1995,1.76,75,high
GER17,DEL,Arsenal (ENG),11-06-1999,1.93,82,high
GER18,DEL,Galatasaray (TUR),11-01-1996,1.83,75,high
GER19,DEL,Borussia Dortmund (GER),18-01-2002,1.80,74,high
GER20,DEL,Newcastle United (ENG),14-02-2002,1.98,95,high
GHA2,POR,FC St. Gallen (SUI),29-11-1996,1.88,82,high
GHA3,DEF,Fiorentina (ITA),30-09-2000,1.63,65,high
GHA4,DEF,AS Monaco (FRA),17-04-1999,1.91,80,high
GHA5,DEF,Stade Rennais (FRA),04-06-2000,1.73,68,high
GHA6,DEF,Spartak Moscu (RUS),09-08-1994,1.82,78,high
GHA7,DEF,AJ Auxerre (FRA),18-07-1998,1.78,72,high
GHA8,MED,FC Nordsjaelland (DEN),15-01-2006,1.82,73,high
GHA9,DEL,Leicester City (ENG),08-03-2004,1.80,70,high
GHA10,MED,Villarreal (ESP),13-06-1993,1.85,77,high
GHA11,MED,OGC Nice (FRA),26-03-2000,1.77,72,high
GHA12,DEL,Atalanta (ITA),15-02-2002,1.75,70,high
GHA14,MED,Tottenham Hotspur (ENG),02-08-2000,1.77,73,high
GHA15,DEL,Athletic Club (ESP),15-06-1994,1.86,78,high
GHA16,DEL,Leicester City (ENG),11-09-1991,1.81,76,high
GHA17,DEL,Le Havre (FRA),17-12-1989,1.76,72,med
GHA18,DEL,LA Galaxy (USA),01-02-1998,1.67,65,high
GHA19,DEL,Widzew Lodz (POL),13-12-1998,1.70,68,high
GHA20,DEL,AFC Bournemouth (ENG),07-01-2000,1.85,80,high
HAI2,POR,SC Bastia (FRA),29-01-1988,1.81,78,high
HAI3,DEF,Angers SCO (FRA),28-06-1996,1.80,73,high
HAI4,DEF,AS Nancy (FRA),09-03-1999,,,med
HAI5,DEF,KAA Gent (BEL),12-07-1997,1.84,76,high
HAI6,DEF,LDU Quito (ECU),21-05-1990,1.90,84,high
HAI7,DEF,Colorado Springs Switchbacks (USA),14-10-1993,1.75,70,med
HAI8,DEF,Colorado Springs Switchbacks (USA),31-12-1999,1.86,,med
HAI9,DEF,FC Lugano (SUI),28-02-1999,1.85,80,high
HAI10,MED,FC Vizela (POR),09-03-1998,1.78,,med
HAI11,MED,Philadelphia Union (USA),20-05-2000,1.82,75,high
HAI12,MED,Wolverhampton (ENG),27-06-1998,1.80,70,high
HAI14,MED,Calcio Lecco (ITA),,1.86,,med
HAI15,DEL,Toronto FC (CAN),01-04-1996,1.78,72,med
HAI16,DEL,AJ Auxerre (FRA),,,,med
HAI17,DEL,Almere City (NED),07-01-2001,1.76,,med
HAI18,DEL,Esteghlal (IRN),07-04-1994,1.85,78,high
HAI19,DEL,FC Dallas (USA),11-02-2001,1.78,70,med
HAI20,DEL,Caykur Rizespor (TUR),02-01-1995,1.90,85,med
IRN2,POR,Tractor (IRN),21-09-1992,1.94,86,high
IRN3,DEF,Persepolis (IRN),19-04-1992,1.84,76,high
IRN4,DEF,Sepahan (IRN),25-02-1990,1.78,73,high
IRN5,DEF,Persepolis (IRN),29-09-1993,1.81,76,high
IRN6,DEF,Tractor (IRN),14-05-1989,1.87,80,high
IRN7,DEF,Sepahan (IRN),21-03-1990,1.83,74,high
IRN8,DEF,Persepolis (IRN),23-03-1994,1.86,80,med
IRN9,DEF,Dinamo Zagreb (CRO),01-03-1996,1.78,72,med
IRN10,DEF,Esteghlal (IRN),24-04-1998,1.80,,med
IRN11,MED,Shabab Al-Ahli (UAE),01-10-1996,1.90,82,high
IRN12,MED,Kalba FC (UAE),06-09-1993,1.75,72,high
IRN14,DEF,Sepahan (IRN),09-04-1997,1.84,75,med
IRN15,MED,Esteghlal (IRN),24-07-1993,1.94,85,high
IRN16,DEL,Rostov (RUS),20-12-1998,1.86,76,med
IRN17,DEL,Shabab Al-Ahli (UAE),01-01-1995,1.86,78,high
IRN18,DEL,Olympiacos (GRE),18-07-1992,1.87,75,high
IRN19,DEL,Dender (BEL),11-08-1993,1.81,73,high
IRN20,DEL,Lech Poznan (POL),10-03-1996,1.76,70,high
IRQ2,POR,Al-Zawraa (IRQ),18-05-1991,1.85,,high
IRQ3,DEF,Port FC (THA),24-04-1992,1.92,,med
IRQ4,DEF,Pogon Szczecin (POL),01-03-2002,1.80,,med
IRQ5,DEF,Al-Zawraa (IRQ),16-08-1998,,,med
IRQ6,DEF,Viktoria Plzen (CZE),07-12-1999,1.73,,high
IRQ7,DEF,Pakhtakor (UZB),,,,low
IRQ8,DEF,Al-Shorta (IRQ),,,,low
IRQ9,MED,FC Utrecht (NED),27-04-2003,1.81,70,high
IRQ10,MED,Cracovia (POL),27-07-1997,1.80,74,high
IRQ11,MED,Al-Dhafra (UAE),01-05-2000,1.80,,med
IRQ12,DEL,Como (ITA),20-01-2004,1.78,70,high
IRQ14,MED,AEK Larnaca (CYP),21-08-2003,1.72,,high
IRQ15,MED,Sarpsborg 08 (NOR),20-12-2002,1.80,,high
IRQ16,MED,Venezia (ITA),16-03-2004,1.84,,high
IRQ17,MED,Erbil SC (IRQ),17-01-1992,1.78,,med
IRQ18,DEL,Ipswich Town (ENG),01-03-2002,1.87,78,high
IRQ19,DEL,Al-Karma (IRQ),22-03-1996,1.85,,med
IRQ20,DEL,Dibba Al-Fujairah (UAE),20-06-2000,1.83,78,high
CIV2,POR,Angers SCO (FRA),21-08-2000,1.94,85,high
CIV3,DEF,Gil Vicente (POR),27-12-1995,1.76,70,high
CIV4,DEF,Galatasaray (TUR),25-12-2000,1.90,85,high
CIV5,DEF,Atalanta (ITA),04-01-2001,1.91,81,high
CIV6,DEF,AS Roma (ITA),20-08-1999,1.92,85,high
CIV7,DEF,Al-Shabab (KSA),03-02-1991,1.95,90,med
CIV8,DEF,Wolverhampton (ENG),17-06-1997,1.92,85,high
CIV9,DEF,Sporting CP (POR),04-12-2003,1.90,82,high
CIV10,MED,Al-Ahli (KSA),19-12-1996,1.83,80,high
CIV11,MED,Stade Rennais (FRA),07-05-1995,1.83,78,med
CIV12,MED,Nottingham Forest (ENG),02-12-1997,1.91,78,high
CIV14,MED,FC Metz (FRA),25-09-1995,1.86,82,med
CIV15,DEL,Manchester United (ENG),11-07-2002,1.73,68,high
CIV16,DEL,FC Utrecht (NED),22-06-1994,1.90,82,high
CIV17,DEL,AS Monaco (FRA),01-01-2002,1.75,70,high
CIV18,DEL,RB Leipzig (GER),14-11-2006,1.80,72,high
CIV19,DEL,Crystal Palace (ENG),01-07-2001,1.88,80,high
CIV20,DEL,Cercle Brugge (BEL),20-12-2003,1.85,75,high
JPN2,POR,Parma Calcio (ITA),21-08-2002,1.90,92,high
JPN3,DEF,FC Machida Zelvia (JPN),20-09-2001,1.92,81,high
JPN4,DEF,Le Havre AC (FRA),07-06-2000,1.86,78,high
JPN5,DEF,FC Copenhagen (DEN),12-07-2003,1.80,76,high
JPN6,DEF,Sint-Truiden (BEL),15-07-1991,1.83,78,high
JPN7,DEF,Feyenoord (NED),07-02-1997,1.88,80,high
JPN8,MED,FSV Mainz 05 (GER),30-12-2000,1.76,67,high
JPN9,MED,FC Machida Zelvia (JPN),25-02-1997,1.66,68,high
JPN10,MED,Leeds United (ENG),10-09-1998,1.80,70,high
JPN11,MED,Crystal Palace (ENG),05-08-1996,1.84,74,high
JPN12,MED,Real Sociedad (ESP),04-06-2001,1.73,67,high
JPN14,MED,Eintracht Frankfurt (GER),16-06-1998,1.72,70,high
JPN15,DEL,Stade de Reims (FRA),28-07-2000,1.80,73,high
JPN16,MED,AS Monaco (FRA),16-01-1995,1.74,68,high
JPN17,DEL,Borussia Monchengladbach (GER),30-09-1999,1.85,81,high
JPN18,MED,Stade Rennais (FRA),09-03-1993,1.76,66,high
JPN19,DEL,NEC Nijmegen (NED),08-08-1997,1.86,78,high
JPN20,DEL,Feyenoord (NED),28-08-1998,1.82,76,high
JOR2,POR,Al-Hussein (JOR),08-01-1993,1.89,85,high
JOR3,DEF,Al-Hussein (JOR),05-02-1994,,,med
JOR4,DEF,Al-Karma (IRQ),09-05-1995,1.77,,med
JOR5,DEF,FC Seoul (KOR),31-01-1996,1.87,,high
JOR6,DEF,Al-Zawraa (IRQ),25-02-1994,1.83,,med
JOR7,DEF,Al-Hussein (JOR),17-01-1992,1.85,,med
JOR8,DEF,Selangor FC (MAS),08-02-2001,1.86,,high
JOR9,MED,Al-Karma (IRQ),27-04-2000,1.81,,med
JOR10,MED,Qatar SC (QAT),23-03-1999,1.85,,med
JOR11,MED,Selangor FC (MAS),24-02-1997,1.78,,med
JOR12,MED,Al-Quwa Al-Jawiya (IRQ),02-02-2003,1.77,,med
JOR14,MED,Al-Zawraa (IRQ),03-07-2002,1.74,,med
JOR15,DEL,Stade Rennais (FRA),10-06-1997,1.78,,high
JOR16,DEL,Al-Arabi (QAT),04-06-1999,1.80,77,high
JOR17,DEL,Al-Hussein (JOR),06-10-1993,1.78,,med
JOR18,DEL,Al-Sailiya (QAT),26-03-2000,1.78,78,high
JOR19,DEL,Raja Casablanca (MAR),30-12-1997,1.68,,med
JOR20,DEL,Lokomotiva Zagreb (CRO),01-02-2006,1.85,,med
MEX2,POR,Club America (MEX),02-03-1997,1.80,76,high
MEX3,DEF,Genoa CFC (ITA),22-10-1998,1.82,72,high
MEX4,DEF,PAOK (GRE),10-12-1997,1.81,71,high
MEX5,DEF,Lokomotiv Moscu (RUS),24-02-1997,1.95,88,high
MEX6,DEF,Deportivo Toluca (MEX),15-08-1994,1.79,72,high
MEX7,DEF,Club America (MEX),23-05-2000,1.79,74,high
MEX8,MED,Tigres UANL (MEX),09-06-2000,1.68,58,high
MEX9,MED,Cruz Azul (MEX),03-01-1997,1.71,65,high
MEX10,MED,West Ham United (ENG),24-10-1997,1.87,73,high
MEX11,MED,AEK Atenas (GRE),24-03-1996,1.70,66,high
MEX12,MED,Deportivo Toluca (MEX),26-10-2000,1.82,68,high
MEX14,MED,Club America (MEX),27-09-1999,1.67,60,high
MEX15,DEL,San Diego FC (USA),30-07-1995,1.74,70,high
MEX16,DEL,AC Milan (ITA),18-04-2001,1.83,78,high
MEX17,DEL,Fulham FC (ENG),05-05-1991,1.90,76,high
MEX18,DEL,Deportivo Toluca (MEX),25-11-1997,1.74,71,high
MEX19,DEL,Guadalajara (MEX),07-09-1998,1.68,65,high
MEX20,DEL,RSC Anderlecht (BEL),03-12-2000,1.73,60,high
MAR2,POR,Al-Hilal (KSA),05-04-1991,1.92,80,high
MAR3,POR,RS Berkane (MAR),10-05-1989,1.91,88,high
MAR4,DEF,Paris Saint-Germain (FRA),04-11-1998,1.81,73,high
MAR5,DEF,Manchester United (ENG),14-11-1997,1.83,70,high
MAR6,DEF,Olympique de Marseille (FRA),30-03-1996,1.90,78,high
MAR7,DEF,Al-Sadd (QAT),26-03-1990,1.88,80,med
MAR8,DEF,Real Zaragoza (ESP),29-02-1992,1.90,73,high
MAR9,DEF,Torino FC (ITA),02-01-1994,1.89,78,high
MAR10,MED,Real Betis (ESP),21-08-1996,1.85,76,high
MAR11,MED,Girona FC (ESP),19-04-2000,1.81,70,high
MAR12,DEL,Bayer Leverkusen (GER),16-02-2005,1.78,68,high
MAR14,MED,VfB Stuttgart (GER),10-05-2004,1.79,70,high
MAR15,MED,PSV Eindhoven (NED),28-01-2001,1.85,75,high
MAR16,DEL,Fenerbahce (TUR),01-06-1997,1.89,79,high
MAR17,DEL,Real Betis (ESP),17-12-2001,1.77,72,high
MAR18,DEL,Al Ain (UAE),02-06-1996,1.80,73,high
MAR19,MED,Real Madrid (ESP),03-08-1999,1.71,72,high
MAR20,DEL,Olympiacos (GRE),25-06-1993,1.85,78,high
NED2,POR,Brighton Hove Albion (ENG),18-08-2002,1.93,82,high
NED3,DEF,Liverpool FC (ENG),08-07-1991,1.95,92,high
NED4,DEF,Tottenham Hotspur (ENG),19-04-2001,1.93,74,high
NED5,DEF,Arsenal FC (ENG),17-06-2001,1.79,74,high
NED6,DEF,Inter de Milan (ITA),18-04-1996,1.88,80,high
NED7,DEF,Manchester City (ENG),18-02-1995,1.80,75,high
NED8,DEF,Liverpool FC (ENG),10-12-2000,1.71,66,high
NED9,DEF,Brighton Hove Albion (ENG),08-06-2000,1.88,78,high
NED10,MED,Manchester City (ENG),29-07-1998,1.85,70,high
NED11,MED,Liverpool FC (ENG),16-05-2002,1.90,78,high
NED12,MED,Juventus (ITA),28-02-1998,1.84,76,high
NED14,MED,FC Barcelona (ESP),12-05-1997,1.81,74,high
NED15,MED,RB Leipzig (GER),21-04-2003,1.79,70,high
NED16,DEL,AFC Bournemouth (ENG),05-05-1999,1.71,68,high
NED17,DEL,Corinthians (BRA),13-02-1994,1.76,78,high
NED18,DEL,Aston Villa (ENG),19-01-1999,1.81,73,high
NED19,DEL,AFC Ajax (NED),07-08-1992,1.97,84,high
NED20,DEL,Liverpool FC (ENG),07-05-1999,1.93,76,high
NZL2,POR,Millwall FC (ENG),12-08-1993,1.94,88,high
NZL3,POR,AFC Bournemouth (ENG),04-07-2002,1.93,82,high
NZL4,DEF,Minnesota United (USA),18-08-1988,1.91,88,high
NZL5,DEF,Wrexham AFC (WAL),27-09-2000,1.84,76,high
NZL6,DEF,Auckland FC (NZL),10-01-1994,1.83,76,high
NZL7,DEF,Nottingham Forest (ENG),27-01-2005,1.88,76,high
NZL8,DEF,Auckland FC (NZL),28-11-1994,1.88,78,med
NZL9,DEF,Portland Timbers (USA),23-09-2003,1.91,80,high
NZL10,MED,Viking FK (NOR),27-04-1999,1.82,75,high
NZL11,MED,Wellington Phoenix (NZL),20-02-1999,1.72,65,high
NZL12,MED,PEC Zwolle (NED),20-12-1994,1.74,68,high
NZL14,MED,Peterborough United (ENG),13-04-2002,1.88,78,high
NZL15,MED,Swansea City (WAL),19-02-2002,1.88,78,high
NZL16,MED,AS Saint-Etienne (FRA),13-08-2002,1.73,66,high
NZL17,DEL,Nottingham Forest (ENG),07-12-1991,1.91,82,high
NZL18,DEL,Motherwell FC (SCO),01-05-2000,1.74,70,high
NZL19,DEL,Silkeborg IF (DEN),30-04-1999,1.79,73,med
NZL20,DEL,Western Sydney Wanderers (AUS),22-03-1990,1.71,71,high
NOR2,POR,Sevilla FC (ESP),10-09-1990,1.92,,high
NOR3,DEF,Borussia Dortmund (GER),17-11-1997,1.83,,high
NOR4,DEF,Genoa CFC (ITA),28-11-1999,1.83,,high
NOR5,DEF,Brentford FC (ENG),17-04-1998,1.98,,high
NOR6,DEF,Torino FC (ITA),16-07-2000,1.84,,med
NOR7,DEF,Wolverhampton Wanderers (ENG),23-04-2002,1.85,,high
NOR8,DEF,Bologna FC (ITA),12-01-1999,1.91,,med
NOR9,MED,Genoa CFC (ITA),05-05-1996,1.88,,high
NOR10,MED,Arsenal FC (ENG),17-12-1998,1.78,,high
NOR11,MED,Fulham FC (ENG),14-02-1998,1.95,,high
NOR12,DEL,SL Benfica (POR),01-06-2004,1.76,,high
NOR14,MED,FK Bodo Glimt (NOR),24-11-1997,1.77,,high
NOR15,DEL,Manchester City (ENG),21-07-2000,1.95,88,high
NOR16,DEL,Atletico Madrid (ESP),05-12-1995,1.95,,high
NOR17,DEL,Toulouse FC (FRA),20-04-1998,1.79,,high
NOR18,DEL,Crystal Palace (ENG),06-02-2000,1.93,,high
NOR19,DEL,RB Leipzig (GER),17-04-2005,1.83,,high
NOR20,DEL,Fulham FC (ENG),12-07-2003,1.74,,high
PAN2,POR,Al-Fayha FC (KSA),25-12-1994,1.91,,high
PAN3,POR,Club Nacional (URU),16-03-1991,1.91,,high
PAN4,DEF,Deportivo Saprissa (CRC),09-01-1995,1.84,,high
PAN5,DEF,LASK (AUT),16-10-1998,1.87,,high
PAN6,DEF,Besiktas JK (TUR),11-02-1996,1.84,,high
PAN7,DEF,CD Plaza Amador (PAN),31-03-1991,1.80,,high
PAN8,DEF,Norwich City (ENG),03-06-2001,1.85,,high
PAN9,DEF,SK Slovan Bratislava (SVK),02-04-1998,1.74,,high
PAN10,MED,Ironi Kiryat Shmona (ISR),06-02-1997,1.70,,high
PAN11,MED,San Diego FC (USA),10-02-1990,1.83,,high
PAN12,MED,Pumas UNAM (MEX),28-11-1998,1.70,,high
PAN14,MED,Mazatlan FC (MEX),23-10-1993,1.75,,high
PAN15,MED,Minnesota United (USA),03-02-2000,1.84,,high
PAN16,DEL,Club Leon (MEX),12-05-1997,1.83,,high
PAN17,DEL,Universidad Catolica (ECU),18-08-1993,1.81,,med
PAN18,DEL,Universidad de Concepcion (CHI),13-04-1991,1.81,,high
PAN19,DEL,FC Juarez (MEX),19-06-1998,1.80,,high
PAN20,DEL,Universitario de Deportes (PER),18-12-1987,1.68,,high
PAR2,POR,Club Brugge (BEL),,,,low
PAR3,POR,CA San Lorenzo (ARG),11-06-2000,1.98,,high
PAR4,DEF,SE Palmeiras (BRA),06-05-1993,1.85,,high
PAR5,DEF,Gremio FBPA (BRA),23-08-1991,1.88,,high
PAR6,DEF,Dynamo Moscu (RUS),01-06-2000,1.77,,med
PAR7,DEF,Sunderland AFC (ENG),26-12-1996,1.88,,high
PAR8,DEF,Atletico Mineiro (BRA),09-02-1993,1.85,,high
PAR9,MED,Gremio FBPA (BRA),24-01-1997,1.78,,high
PAR10,MED,Brighton Hove Albion (ENG),27-03-2003,1.85,,high
PAR11,MED,Sao Paulo FC (BRA),11-07-2001,1.81,,high
PAR12,MED,Vancouver Whitecaps (CAN),22-05-1996,1.66,,high
PAR14,MED,Atlanta United (USA),11-02-2002,1.75,,high
PAR15,DEL,RC Strasbourg (FRA),23-01-2004,1.73,,high
PAR16,MED,Al Ain FC (UAE),11-01-1995,1.71,,high
PAR17,DEL,Atlanta United (USA),10-02-1994,1.74,,high
PAR18,DEL,SE Palmeiras (BRA),31-08-1999,1.78,75,high
PAR19,DEL,Boca Juniors (ARG),04-07-1992,1.76,,high
PAR20,DEL,US Cremonese (ITA),04-03-1996,1.80,,high
POR2,POR,FC Porto (POR),19-09-1999,1.86,,high
POR3,POR,Wolverhampton Wanderers (ENG),17-01-1993,1.92,,high
POR4,DEF,Manchester City (ENG),14-05-1997,1.87,,high
POR5,DEF,Al-Hilal (KSA),27-05-1994,1.82,74,high
POR6,DEF,Manchester United (ENG),18-03-1999,1.83,,high
POR7,DEF,Paris Saint-Germain (FRA),19-06-2002,1.80,,high
POR8,DEF,Sporting CP (POR),25-08-2001,1.86,,high
POR9,MED,Manchester City (ENG),10-08-1994,1.73,,high
POR10,MED,Manchester United (ENG),08-09-1994,1.79,,high
POR11,MED,Al-Hilal (KSA),13-03-1997,1.80,,high
POR12,MED,Paris Saint-Germain (FRA),13-02-2000,1.72,,high
POR14,MED,Paris Saint-Germain (FRA),27-09-2004,1.71,,high
POR15,DEL,Al-Nassr FC (KSA),05-02-1985,1.87,83,high
POR16,DEL,Sporting CP (POR),29-12-1999,1.84,,high
POR17,DEL,Al-Nassr FC (KSA),10-11-1999,1.81,,high
POR18,DEL,Paris Saint-Germain (FRA),20-06-2001,1.85,,high
POR19,DEL,Chelsea FC (ENG),09-03-2000,1.74,,high
POR20,DEL,AC Milan (ITA),10-06-1999,1.88,,high
QAT2,POR,Al-Sadd SC (QAT),14-02-1998,1.80,,high
QAT3,DEF,Al-Duhail SC (QAT),07-04-1996,1.80,,high
QAT4,DEF,Al-Wakrah SC (QAT),03-07-1990,1.84,,high
QAT5,DEF,Al-Duhail SC (QAT),25-08-1999,1.88,,high
QAT6,DEF,Al-Sadd SC (QAT),09-07-1990,1.83,,high
QAT7,DEF,Al-Sadd SC (QAT),06-08-1990,1.88,,high
QAT8,DEF,Al-Sadd SC (QAT),05-12-1997,1.80,,high
QAT9,MED,Al-Shamal SC (QAT),30-10-2003,1.83,,med
QAT10,MED,Al-Duhail SC (QAT),16-09-1990,1.87,,high
QAT11,MED,Al-Wakrah SC (QAT),22-10-1996,1.68,,high
QAT12,MED,Al-Arabi SC (QAT),25-01-1993,1.71,,med
QAT14,MED,Al-Sadd SC (QAT),18-09-1999,1.83,,high
QAT15,MED,Al-Rayyan SC (QAT),28-10-1990,1.82,,med
QAT16,DEL,Al-Sadd SC (QAT),11-12-1990,1.74,,high
QAT17,DEL,Al-Duhail SC (QAT),19-08-1994,1.80,,high
QAT18,DEL,Al-Sadd SC (QAT),18-11-1996,1.77,,high
QAT19,DEL,Al-Gharafa SC (QAT),22-09-2000,1.78,,med
QAT20,DEL,Al-Duhail SC (QAT),19-08-1996,1.80,,high
KSA2,POR,Al-Nassr FC (KSA),10-05-2000,1.88,,high
KSA3,POR,Al-Ahli SFC (KSA),03-02-2001,1.81,,med
KSA4,DEF,RC Lens (FRA),18-07-1999,1.71,,high
KSA5,DEF,Al-Nassr FC (KSA),16-09-1999,1.75,,high
KSA6,DEF,Al-Qadsiah FC (KSA),21-07-2001,1.83,,med
KSA7,DEF,Al-Hilal (KSA),19-02-2000,1.73,,high
KSA8,DEF,Al-Hilal (KSA),09-02-1999,1.83,,high
KSA9,MED,Al-Qadsiah FC (KSA),20-06-2003,1.78,,high
KSA10,MED,Al-Ahli SFC (KSA),11-11-2001,1.80,,med
KSA11,MED,Al-Nassr FC (KSA),16-08-1996,1.78,,high
KSA12,MED,Al-Hilal (KSA),19-12-1998,1.78,,high
KSA14,DEL,Al-Ahli SFC (KSA),11-08-2002,1.71,,med
KSA15,DEL,Royal Antwerp (BEL),17-02-2004,1.88,,med
KSA16,DEL,Al-Hilal (KSA),19-08-1991,1.72,,high
KSA17,DEL,Al-Ittihad (KSA),01-06-1995,1.74,,high
KSA18,DEL,Al-Ahli SFC (KSA),14-05-2000,1.81,,high
KSA19,DEL,Al-Ittihad (KSA),01-11-1993,1.84,,high
KSA20,DEL,Al-Nassr FC (KSA),12-09-1999,1.81,,med
SCO2,POR,Nottingham Forest (ENG),22-01-1996,1.96,,high
SCO3,DEF,Al-Ettifaq (KSA),07-05-1995,1.87,,high
SCO4,DEF,Celtic (SCO),05-06-1997,1.78,70,high
SCO5,DEF,Brentford (ENG),10-06-2002,1.78,,high
SCO6,DEF,Liverpool (ENG),11-03-1994,1.78,64,high
SCO7,DEF,UD Las Palmas (ESP),12-11-1996,1.89,,high
SCO8,DEF,Rangers (SCO),25-09-1996,1.88,,high
SCO9,DEF,Celtic (SCO),16-11-1998,1.81,,high
SCO10,DEF,Birmingham City (ENG),20-11-1991,1.88,,high
SCO11,MED,SSC Napoli (ITA),08-12-1996,1.93,94,high
SCO12,MED,SSC Napoli (ITA),11-06-2001,1.72,66,high
SCO14,MED,Bologna (ITA),24-08-1999,1.83,,high
SCO15,MED,AFC Bournemouth (ENG),22-02-1995,1.78,,high
SCO16,MED,Norwich City (ENG),08-01-1992,1.83,,med
SCO17,MED,Aston Villa (ENG),18-10-1994,1.78,75,high
SCO18,DEL,Birmingham City (ENG),07-10-1995,1.89,,high
SCO19,DEL,Torino (ITA),13-07-1996,1.78,,high
SCO20,DEL,AFC Bournemouth (ENG),11-11-2005,1.76,,high
SEN2,POR,Al-Ahli (KSA),01-03-1992,1.97,85,high
SEN3,POR,OGC Nice (FRA),16-11-1999,1.88,,high
SEN4,DEF,Olympique Lyon (FRA),08-03-1996,1.90,,high
SEN5,DEF,Maccabi Haifa (ISR),04-06-1992,1.91,,high
SEN6,DEF,Galatasaray (TUR),17-08-1999,1.84,,high
SEN7,DEF,West Ham United (ENG),29-12-2004,1.83,,high
SEN8,DEF,Al-Hilal (KSA),20-06-1991,1.86,89,high
SEN9,MED,Everton (ENG),26-09-1989,1.74,66,high
SEN10,MED,Tottenham Hotspur (ENG),14-09-2002,1.84,,high
SEN11,MED,Villarreal CF (ESP),24-01-1999,1.88,,high
SEN12,MED,Sunderland (ENG),03-01-2004,1.79,,high
SEN14,MED,AS Monaco (FRA),01-01-2004,1.73,,high
SEN15,DEL,Al-Nassr (KSA),10-04-1992,1.74,69,high
SEN16,DEL,Crystal Palace (ENG),25-02-1998,1.85,,high
SEN17,DEL,SS Lazio (ITA),16-11-1996,1.80,,high
SEN18,DEL,Everton (ENG),06-03-2000,1.75,,high
SEN19,DEL,Bayern Munich (GER),20-06-2001,1.87,,high
SEN20,DEL,AS Monaco (FRA),25-02-1999,1.75,,high
RSA2,POR,Mamelodi Sundowns (RSA),21-01-1992,1.84,,high
RSA3,POR,Orlando Pirates (RSA),26-04-1997,,,med
RSA4,DEF,Mamelodi Sundowns (RSA),22-07-1995,1.67,,high
RSA5,DEF,Molde FK (NOR),15-03-2004,,,med
RSA6,DEF,Chicago Fire (USA),19-09-2005,1.78,,high
RSA7,DEF,Mamelodi Sundowns (RSA),05-02-2004,1.83,,high
RSA8,DEF,FCSB (ROU),15-11-1997,1.88,,high
RSA9,DEF,Mamelodi Sundowns (RSA),26-04-1995,1.81,,high
RSA10,DEF,Orlando Pirates (RSA),22-09-1995,,,med
RSA11,MED,Mamelodi Sundowns (RSA),24-01-1997,1.76,,high
RSA12,MED,Orlando Pirates (RSA),06-03-2000,1.64,,high
RSA14,MED,Mamelodi Sundowns (RSA),14-05-1995,1.80,,high
RSA15,MED,CD Tondela (POR),03-03-1999,1.86,,med
RSA16,MED,Orlando Pirates (RSA),22-03-1998,1.77,,high
RSA17,DEL,Burnley (ENG),03-09-2000,1.85,,high
RSA18,DEL,Mamelodi Sundowns (RSA),19-12-1995,1.76,,high
RSA19,DEL,Al-Ettifaq (KSA),09-11-2004,,,med
RSA20,DEL,Orlando Pirates (RSA),25-08-2001,,,med
KOR2,POR,Ulsan HD (KOR),25-09-1991,1.89,,high
KOR3,POR,FC Tokyo (JPN),30-09-1990,1.87,,high
KOR4,DEF,Bayern Munich (GER),15-11-1996,1.90,82,high
KOR5,DEF,Sharjah FC (UAE),17-11-1996,1.85,,high
KOR6,DEF,Crvena Zvezda (SRB),05-12-1998,1.81,,high
KOR7,DEF,FC Midtjylland (DEN),17-06-2002,1.90,,high
KOR8,DEF,Austria Wien (AUT),28-07-2002,1.74,,high
KOR9,DEF,Daejeon Hana Citizen (KOR),04-11-1993,1.83,,med
KOR10,MED,Mainz 05 (GER),10-08-1992,1.79,,high
KOR11,MED,Feyenoord (NED),20-09-1996,1.77,,high
KOR12,MED,Paris Saint-Germain (FRA),19-02-2001,1.73,68,high
KOR14,MED,Birmingham City (ENG),17-03-1997,1.82,,high
KOR15,MED,Borussia Monchengladbach (GER),29-07-2003,1.83,,high
KOR16,MED,Ulsan HD (KOR),20-09-1997,1.76,,high
KOR17,DEL,FC Midtjylland (DEN),25-01-1998,1.88,,high
KOR18,DEL,Los Angeles FC (USA),08-07-1992,1.83,78,high
KOR19,DEL,Wolverhampton Wanderers (ENG),26-01-1996,1.77,,high
KOR20,DEL,Besiktas (TUR),12-04-2001,1.88,,high
ESP2,POR,Athletic Bilbao (ESP),11-06-1997,1.90,85,high
ESP3,DEF,Atletico Madrid (ESP),11-11-1996,1.87,,high
ESP4,DEF,Athletic Bilbao (ESP),27-05-1994,1.89,86,high
ESP5,DEF,Real Madrid (ESP),14-04-2005,1.96,,high
ESP6,DEF,Tottenham Hotspur (ENG),13-09-1999,1.73,,high
ESP7,DEF,Real Madrid (ESP),11-01-1992,1.73,73,high
ESP8,DEF,Chelsea (ENG),22-07-1998,1.72,66,high
ESP9,MED,Arsenal (ENG),02-02-1999,1.81,,high
ESP10,MED,Manchester City (ENG),22-06-1996,1.91,82,high
ESP11,MED,FC Barcelona (ESP),25-11-2002,1.74,60,high
ESP12,MED,Paris Saint-Germain (FRA),03-04-1996,1.89,,high
ESP14,MED,Arsenal (ENG),22-06-1996,1.88,,high
ESP15,DEL,FC Barcelona (ESP),13-07-2007,1.80,,high
ESP16,DEL,FC Barcelona (ESP),07-05-1998,1.79,,high
ESP17,DEL,Athletic Bilbao (ESP),12-07-2002,1.81,,high
ESP18,DEL,FC Barcelona (ESP),29-02-2000,1.84,,high
ESP19,DEL,Como 1907 (ITA),23-10-1992,1.90,84,high
ESP20,DEL,Real Sociedad (ESP),21-04-1997,1.81,,high
SWE2,POR,Stoke City (ENG),14-09-1998,1.87,,high
SWE3,DEF,Atalanta (ITA),13-01-1999,1.89,,high
SWE4,DEF,VfB Stuttgart (GER),29-04-1999,1.81,,med
SWE5,DEF,Juventus (ITA),13-05-2000,1.91,,high
SWE6,DEF,Aston Villa (ENG),17-07-1994,1.87,,med
SWE7,DEF,SC Braga (POR),10-04-2000,1.93,,high
SWE8,MED,Tottenham Hotspur (ENG),02-02-2006,1.85,,high
SWE9,MED,Eintracht Frankfurt (GER),27-06-2004,1.83,,high
SWE10,MED,Lech Poznan (POL),21-06-1995,1.81,,med
SWE11,MED,Brighton Hove Albion (ENG),06-10-2003,1.72,,high
SWE12,MED,VfL Wolfsburg (GER),05-01-1999,1.82,,high
SWE14,DEF,Borussia Dortmund (GER),12-02-2002,1.83,,high
SWE15,MED,Watford (ENG),30-09-1993,1.86,,high
SWE16,DEL,FC Barcelona (ESP),15-11-2005,1.73,,high
SWE17,MED,Tottenham Hotspur (ENG),25-04-2000,1.86,,high
SWE18,DEL,Newcastle United (ENG),27-04-2002,1.78,,high
SWE19,DEL,Liverpool (ENG),21-09-1999,1.92,,high
SWE20,DEL,Arsenal (ENG),04-06-1998,1.87,,high
SUI2,POR,Borussia Dortmund (GER),06-12-1997,1.94,90,high
SUI3,POR,FC Lorient (FRA),06-06-1994,1.88,82,med
SUI4,DEF,Inter Milan (ITA),19-07-1995,1.87,91,high
SUI5,DEF,Real Betis (ESP),25-08-1992,1.80,78,high
SUI6,DEF,Borussia Monchengladbach (GER),30-09-1996,1.89,80,high
SUI7,DEF,Eintracht Frankfurt (GER),31-07-2003,1.94,84,med
SUI8,DEF,FSV Mainz 05 (GER),05-03-1993,1.81,75,high
SUI9,MED,Bayer Leverkusen (GER),27-09-1992,1.85,82,high
SUI10,MED,AS Monaco (FRA),20-11-1996,1.91,81,high
SUI11,MED,Bologna (ITA),15-04-1992,1.80,73,high
SUI12,MED,Stade Rennais (FRA),16-02-2002,1.83,73,high
SUI14,MED,AC Milan (ITA),30-07-2002,1.83,76,high
SUI15,MED,SC Freiburg (GER),14-10-2005,1.82,75,high
SUI16,MED,Bologna (ITA),06-01-1997,1.83,76,high
SUI17,DEL,AS Monaco (FRA),14-02-1997,1.87,85,high
SUI18,DEL,Sevilla (ESP),05-08-1998,1.79,72,high
SUI19,DEL,Nottingham Forest (ENG),25-10-2000,1.83,78,high
SUI20,DEL,Benfica (POR),04-12-2000,1.84,76,med
TUN2,POR,Esperance de Tunis (TUN),29-11-1992,1.94,88,high
TUN3,POR,CS Sfaxien (TUN),28-01-1997,1.88,83,high
TUN4,DEF,Young Boys (SUI),22-02-1999,1.85,76,high
TUN5,DEF,FC Lorient (FRA),26-05-1998,1.90,83,high
TUN6,DEF,Esperance de Tunis (TUN),02-07-1993,1.88,81,high
TUN7,DEF,OGC Nice (FRA),20-12-1993,1.81,74,high
TUN8,DEF,Servette FC (SUI),19-06-1995,1.85,76,high
TUN9,MED,Eintracht Frankfurt (GER),10-05-1995,1.85,76,high
TUN10,MED,Al Wakrah (QAT),13-12-1996,1.83,83,high
TUN11,MED,Al-Gharafa (QAT),18-03-1992,1.86,80,med
TUN12,MED,Al Ahly (EGY),06-09-1999,1.85,74,high
TUN14,MED,Burnley (ENG),21-01-2003,1.83,73,high
TUN15,MED,FC Copenhagen (DEN),10-02-1999,1.77,70,high
TUN16,DEL,FC Augsburg (GER),27-12-1999,1.85,76,high
TUN17,DEL,Dynamo Makhachkala (RUS),18-06-1997,1.91,82,med
TUN18,MED,FC Augsburg (GER),10-04-2004,1.73,66,high
TUN19,MED,Greuther Furth (GER),22-04-2000,1.78,77,high
TUN20,DEL,Al Shamal (QAT),27-07-1992,1.73,75,high
TUR2,POR,Galatasaray (TUR),05-04-1996,1.91,86,high
TUR3,DEF,Fenerbahce (TUR),03-04-1999,1.84,73,high
TUR4,DEF,AS Roma (ITA),17-02-1997,1.80,72,high
TUR5,DEF,Galatasaray (TUR),07-09-1994,1.85,81,high
TUR6,DEF,Fenerbahce (TUR),23-05-1996,1.87,80,high
TUR7,DEF,Al-Ahli (KSA),05-03-1998,1.92,87,high
TUR8,DEF,Brighton (ENG),07-10-1999,1.78,68,high
TUR9,DEF,Galatasaray (TUR),10-11-1994,1.85,78,high
TUR10,MED,Fenerbahce (TUR),26-01-1999,1.83,77,high
TUR11,MED,Inter Milan (ITA),08-02-1994,1.78,77,high
TUR12,MED,Benfica (POR),29-12-2000,1.76,70,high
TUR14,MED,Real Madrid (ESP),25-02-2005,1.76,68,high
TUR15,MED,Fenerbahce (TUR),15-07-1995,1.76,72,high
TUR16,DEL,Galatasaray (TUR),07-07-2000,1.77,70,high
TUR17,DEL,Eintracht Frankfurt (GER),11-11-2005,1.86,67,high
TUR18,DEL,Galatasaray (TUR),23-05-2000,1.86,78,high
TUR19,DEL,Fenerbahce (TUR),21-10-1998,1.78,72,high
TUR20,DEL,Juventus (ITA),04-05-2005,1.85,70,high
URU2,POR,Internacional (BRA),23-03-1993,1.88,82,high
URU3,POR,Monterrey (MEX),06-09-1997,1.85,69,high
URU4,DEF,FC Barcelona (ESP),07-03-1999,1.88,79,high
URU5,DEF,Atletico Madrid (ESP),20-01-1995,1.85,78,high
URU6,DEF,Club America (MEX),18-08-1999,1.82,77,high
URU7,DEF,Napoli (ITA),31-10-1997,1.84,76,high
URU8,DEF,Flamengo (BRA),24-03-1993,1.74,70,high
URU9,MED,Boca Juniors (ARG),28-12-1995,1.74,71,high
URU10,MED,Real Madrid (ESP),22-07-1998,1.82,78,high
URU11,MED,Flamengo (BRA),01-06-1994,1.74,70,high
URU12,MED,Tottenham Hotspur (ENG),25-06-1997,1.87,82,high
URU14,MED,Manchester United (ENG),11-04-2001,1.82,73,high
URU15,MED,Flamengo (BRA),01-06-1997,1.69,68,high
URU16,DEF,Sporting CP (POR),15-02-2000,1.79,73,high
URU17,DEL,Al-Hilal (KSA),24-06-1999,1.87,81,high
URU18,DEL,Club Leon (MEX),30-06-1998,1.80,79,med
URU19,DEL,Tigres UANL (MEX),01-10-1994,1.86,75,high
URU20,DEL,Panathinaikos (GRE),20-12-2001,1.74,68,high
USA2,POR,New York City FC (USA),02-09-1998,1.91,87,high
USA3,DEF,Crystal Palace (ENG),28-03-2000,1.87,78,high
USA4,DEF,Charlotte FC (USA),05-10-1987,1.85,78,high
USA5,DEF,Toulouse (FRA),25-02-1999,1.83,79,high
USA6,DEF,Villarreal (ESP),09-08-2004,1.88,82,high
USA7,DEF,Fulham (ENG),08-08-1997,1.83,73,high
USA8,MED,Bournemouth (ENG),14-02-1999,1.75,72,high
USA9,MED,Lyon (FRA),24-09-2001,1.88,83,high
USA10,MED,Juventus (ITA),28-08-1998,1.85,78,high
USA11,MED,Seattle Sounders (USA),03-06-1995,1.73,75,high
USA12,DEL,Juventus (ITA),22-02-2000,1.84,78,high
USA14,MED,Real Salt Lake (USA),07-09-2003,1.73,68,med
USA15,MED,Bayer Leverkusen (GER),28-05-2002,1.85,75,high
USA16,DEL,AC Milan (ITA),18-09-1998,1.77,72,high
USA17,MED,Leeds United (ENG),22-10-2000,1.78,68,high
USA18,DEL,PSV Eindhoven (NED),09-01-2003,1.85,77,high
USA19,DEL,Coventry City (ENG),27-03-1998,1.93,79,high
USA20,DEL,AS Monaco (FRA),03-07-2001,1.79,73,high
UZB2,POR,Navbahor Namangan (UZB),04-01-1991,,,low
UZB3,DEF,Neftchi Fergana (UZB),17-01-1991,1.83,74,high
UZB4,DEF,Pakhtakor (UZB),23-07-1998,1.81,73,high
UZB5,DEF,Nasaf Qarshi (UZB),30-11-1992,1.85,75,high
UZB6,DEF,Caykur Rizespor (TUR),04-04-1999,1.86,,med
UZB7,DEF,Esteghlal (IRN),07-07-1996,1.86,85,high
UZB8,DEF,Pakhtakor (UZB),19-04-1997,1.80,68,high
UZB9,DEF,Manchester City (ENG),29-02-2004,1.86,84,high
UZB10,MED,Tractor (IRN),13-02-1996,1.80,80,high
UZB11,MED,Baniyas (UAE),22-06-1996,1.83,,med
UZB12,MED,Neftchi Fergana (UZB),16-10-1993,1.71,63,high
UZB14,DEL,Pakhtakor (UZB),01-10-1994,1.73,72,high
UZB15,MED,Pakhtakor (UZB),29-05-2001,1.71,69,high
UZB16,DEL,Istanbul Basaksehir (TUR),29-06-1995,1.90,71,high
UZB17,DEL,Persepolis (IRN),19-12-2000,1.81,,med
UZB18,DEL,Esteghlal (IRN),01-09-1993,1.72,,med
UZB19,DEL,Persepolis (IRN),30-04-1993,1.86,76,high
UZB20,MED,Istanbul Basaksehir (TUR),03-10-2003,1.70,59,med
